Beras,Cabai Merah,Cabai Merah Keriting,Cabai Rawit,Cabai Rawit Hijau,Cabai Rawit Merah,Bawang Merah,Bawang Putih,Tanggal Lengkap
11750.0,61250.0,62500.0,72500.0,60000.0,85000.0,31750.0,28500.0,2021-01-04
11750.0,61250.0,62500.0,73750.0,60000.0,87500.0,31750.0,28500.0,2021-01-05
11750.0,61250.0,62500.0,73750.0,60000.0,87500.0,31750.0,28500.0,2021-01-06
11750.0,61250.0,62500.0,75000.0,62500.0,87500.0,31750.0,28500.0,2021-01-07
11750.0,61250.0,62500.0,75000.0,62500.0,87500.0,31750.0,28500.0,2021-01-08
11750.0,60000.0,60000.0,73750.0,62500.0,85000.0,31750.0,28500.0,2021-01-11
11750.0,58750.0,60000.0,73750.0,62500.0,85000.0,31750.0,28500.0,2021-01-12
11750.0,58750.0,60000.0,73750.0,62500.0,85000.0,31750.0,28500.0,2021-01-13
11750.0,58750.0,60000.0,75000.0,65000.0,85000.0,31750.0,28500.0,2021-01-14
11750.0,55000.0,52500.0,75000.0,65000.0,85000.0,31750.0,28500.0,2021-01-15
11750.0,55000.0,52500.0,72500.0,65000.0,80000.0,31750.0,28500.0,2021-01-18
11750.0,55000.0,52500.0,72500.0,65000.0,80000.0,31750.0,28500.0,2021-01-19
11750.0,56250.0,53750.0,75000.0,70000.0,80000.0,32250.0,28500.0,2021-01-20
11750.0,56250.0,53750.0,75000.0,70000.0,80000.0,32250.0,28500.0,2021-01-21
11750.0,56250.0,53750.0,75000.0,70000.0,80000.0,32250.0,28500.0,2021-01-22
11750.0,53750.0,53750.0,75000.0,70000.0,80000.0,32250.0,28500.0,2021-01-25
11750.0,53750.0,53750.0,75000.0,72500.0,77500.0,32250.0,28500.0,2021-01-26
11750.0,50650.0,48750.0,75000.0,72500.0,77500.0,32250.0,28500.0,2021-01-27
11750.0,50650.0,48750.0,75000.0,72500.0,77500.0,32250.0,28500.0,2021-01-28
11750.0,50650.0,48750.0,75000.0,72500.0,77500.0,32250.0,28500.0,2021-01-29
11750.0,53150.0,53750.0,75000.0,72500.0,77500.0,32250.0,28500.0,2021-02-01
11750.0,53150.0,53750.0,75000.0,72500.0,77500.0,32250.0,28500.0,2021-02-02
11750.0,55000.0,57500.0,75000.0,72500.0,77500.0,32250.0,28500.0,2021-02-03
11750.0,55000.0,57500.0,75000.0,72500.0,77500.0,32250.0,28500.0,2021-02-04
11750.0,55000.0,57500.0,75000.0,72500.0,77500.0,32250.0,28500.0,2021-02-05
11750.0,60000.0,62500.0,76250.0,75000.0,77500.0,32250.0,28500.0,2021-02-08
11750.0,60000.0,62500.0,75000.0,75000.0,75000.0,32250.0,28500.0,2021-02-09
11750.0,60000.0,62500.0,75000.0,75000.0,75000.0,32250.0,28500.0,2021-02-10
11750.0,60000.0,62500.0,75000.0,75000.0,75000.0,33250.0,29000.0,2021-02-11
11750.0,60000.0,62500.0,75000.0,75000.0,75000.0,33250.0,29000.0,2021-02-12
11750.0,60000.0,62500.0,80650.0,75000.0,86250.0,33250.0,29000.0,2021-02-15
11750.0,60000.0,62500.0,80650.0,75000.0,86250.0,33250.0,29000.0,2021-02-16
11750.0,55000.0,52500.0,78750.0,75000.0,82500.0,33250.0,29000.0,2021-02-17
11750.0,55000.0,52500.0,80000.0,75000.0,85000.0,33250.0,29000.0,2021-02-18
11750.0,55000.0,52500.0,80000.0,75000.0,85000.0,33250.0,29000.0,2021-02-19
11750.0,55000.0,52500.0,81250.0,75000.0,87500.0,33250.0,29000.0,2021-02-22
11750.0,55000.0,52500.0,81250.0,75000.0,87500.0,33250.0,29000.0,2021-02-23
11750.0,53750.0,52500.0,82500.0,77500.0,87500.0,34500.0,29000.0,2021-02-24
11750.0,55000.0,55000.0,82500.0,77500.0,87500.0,34500.0,29000.0,2021-02-25
11750.0,55000.0,55000.0,88750.0,75000.0,102500.0,34500.0,29000.0,2021-02-26
11750.0,55000.0,55000.0,88750.0,72500.0,105000.0,34500.0,29000.0,2021-03-01
11750.0,55000.0,55000.0,88750.0,72500.0,105000.0,34500.0,29000.0,2021-03-02
11750.0,55000.0,55000.0,88750.0,72500.0,105000.0,34500.0,29000.0,2021-03-03
11750.0,55000.0,55000.0,88750.0,72500.0,105000.0,34500.0,29000.0,2021-03-04
11750.0,55000.0,55000.0,88750.0,72500.0,105000.0,34500.0,29000.0,2021-03-05
11750.0,54400.0,53750.0,87500.0,70000.0,105000.0,34500.0,29000.0,2021-03-08
11750.0,54400.0,53750.0,97500.0,80000.0,115000.0,34500.0,29000.0,2021-03-09
11750.0,54400.0,53750.0,97500.0,80000.0,115000.0,34500.0,29000.0,2021-03-10
11750.0,54400.0,53750.0,97500.0,80000.0,115000.0,34500.0,29000.0,2021-03-11
11750.0,53750.0,52500.0,95000.0,80000.0,110000.0,34500.0,29500.0,2021-03-12
11750.0,53750.0,55000.0,97500.0,80000.0,115000.0,34500.0,29500.0,2021-03-15
11750.0,53750.0,55000.0,97500.0,80000.0,115000.0,34500.0,29500.0,2021-03-16
11750.0,53750.0,55000.0,97500.0,80000.0,115000.0,34500.0,29500.0,2021-03-17
11750.0,53750.0,55000.0,97500.0,80000.0,115000.0,34500.0,29500.0,2021-03-18
11750.0,53750.0,55000.0,95000.0,75000.0,115000.0,34500.0,29500.0,2021-03-19
11750.0,53750.0,55000.0,97500.0,80000.0,115000.0,34500.0,29500.0,2021-03-22
11750.0,53750.0,55000.0,97500.0,80000.0,115000.0,34500.0,29500.0,2021-03-23
11750.0,53750.0,55000.0,97500.0,80000.0,115000.0,34500.0,29500.0,2021-03-24
11750.0,53750.0,55000.0,97500.0,80000.0,115000.0,34500.0,29500.0,2021-03-25
11750.0,53750.0,55000.0,97500.0,80000.0,115000.0,34500.0,29500.0,2021-03-26
11750.0,53750.0,55000.0,97500.0,80000.0,115000.0,34500.0,29500.0,2021-03-29
11750.0,53750.0,55000.0,97500.0,80000.0,115000.0,34500.0,29500.0,2021-03-30
11750.0,53750.0,55000.0,97500.0,80000.0,115000.0,34500.0,29500.0,2021-03-31
11750.0,53750.0,55000.0,97500.0,80000.0,115000.0,34500.0,29500.0,2021-04-01
11750.0,53750.0,55000.0,97500.0,80000.0,115000.0,34500.0,29500.0,2021-04-02
11750.0,53150.0,53750.0,80000.0,70000.0,90000.0,33750.0,29500.0,2021-04-05
11750.0,53150.0,53750.0,75000.0,70000.0,80000.0,33750.0,29500.0,2021-04-06
11750.0,53150.0,53750.0,75000.0,70000.0,80000.0,33750.0,29500.0,2021-04-07
11750.0,53150.0,53750.0,70000.0,60000.0,80000.0,33750.0,29500.0,2021-04-08
11750.0,53150.0,53750.0,70000.0,60000.0,80000.0,33750.0,29500.0,2021-04-09
11750.0,53750.0,52500.0,71250.0,62500.0,80000.0,34500.0,29500.0,2021-04-12
11750.0,53750.0,52500.0,71250.0,62500.0,80000.0,34500.0,29500.0,2021-04-13
11750.0,53750.0,52500.0,68750.0,62500.0,75000.0,34500.0,28500.0,2021-04-14
11750.0,53750.0,52500.0,68750.0,62500.0,75000.0,34500.0,28500.0,2021-04-15
11750.0,55000.0,55000.0,68750.0,62500.0,75000.0,34500.0,28500.0,2021-04-16
11750.0,52500.0,52500.0,67500.0,62500.0,72500.0,34500.0,28500.0,2021-04-19
11750.0,47500.0,47500.0,60000.0,55000.0,65000.0,34000.0,28500.0,2021-04-20
11750.0,47500.0,47500.0,60000.0,55000.0,65000.0,34000.0,28500.0,2021-04-21
11750.0,45650.0,45000.0,58750.0,55000.0,62500.0,34000.0,28500.0,2021-04-22
11750.0,45650.0,45000.0,58750.0,55000.0,62500.0,34000.0,28500.0,2021-04-23
11750.0,45650.0,45000.0,55650.0,53750.0,57500.0,34500.0,28500.0,2021-04-26
11750.0,45650.0,45000.0,55650.0,53750.0,57500.0,34500.0,28500.0,2021-04-27
11750.0,45650.0,45000.0,55650.0,53750.0,57500.0,34500.0,28500.0,2021-04-28
11750.0,45650.0,45000.0,55650.0,53750.0,57500.0,34500.0,28500.0,2021-04-29
11750.0,45650.0,45000.0,56900.0,53750.0,60000.0,34500.0,28500.0,2021-04-30
11750.0,43150.0,42500.0,58150.0,53750.0,62500.0,34000.0,28500.0,2021-05-03
11750.0,43150.0,42500.0,58150.0,53750.0,62500.0,34000.0,28500.0,2021-05-04
11750.0,43750.0,43750.0,58150.0,53750.0,62500.0,34500.0,28500.0,2021-05-05
11750.0,43750.0,43750.0,58150.0,53750.0,62500.0,34500.0,28500.0,2021-05-06
11750.0,45000.0,43750.0,58150.0,53750.0,62500.0,34500.0,28500.0,2021-05-07
11750.0,53750.0,47500.0,60650.0,53750.0,67500.0,34500.0,28500.0,2021-05-10
11750.0,53750.0,47500.0,60650.0,53750.0,67500.0,34500.0,28500.0,2021-05-11
11750.0,53750.0,47500.0,60650.0,53750.0,67500.0,34500.0,28500.0,2021-05-12
11750.0,53750.0,47500.0,60650.0,53750.0,67500.0,34500.0,28500.0,2021-05-13
11750.0,53750.0,47500.0,60650.0,53750.0,67500.0,35000.0,28500.0,2021-05-14
11750.0,53750.0,47500.0,60650.0,53750.0,67500.0,35000.0,28500.0,2021-05-17
11750.0,53750.0,47500.0,60650.0,53750.0,67500.0,35000.0,28500.0,2021-05-18
11750.0,53750.0,47500.0,60650.0,53750.0,67500.0,35000.0,28500.0,2021-05-19
11750.0,53750.0,47500.0,60650.0,53750.0,67500.0,37500.0,29500.0,2021-05-20
11750.0,45650.0,42500.0,54400.0,48750.0,60000.0,37500.0,29500.0,2021-05-21
11750.0,45650.0,42500.0,51900.0,46250.0,57500.0,37000.0,29500.0,2021-05-24
11750.0,43150.0,42500.0,41900.0,36250.0,47500.0,37000.0,28000.0,2021-05-25
11750.0,43150.0,42500.0,41900.0,36250.0,47500.0,37000.0,28000.0,2021-05-26
11750.0,43150.0,42500.0,41900.0,36250.0,47500.0,37000.0,28000.0,2021-05-27
11750.0,38750.0,37500.0,40650.0,36250.0,45000.0,37000.0,28000.0,2021-05-28
11750.0,36250.0,32500.0,40650.0,36250.0,45000.0,34500.0,28000.0,2021-05-31
11750.0,36250.0,32500.0,40650.0,36250.0,45000.0,34500.0,28000.0,2021-06-01
11750.0,36250.0,32500.0,39400.0,36250.0,42500.0,34500.0,28000.0,2021-06-02
11750.0,36250.0,32500.0,39400.0,36250.0,42500.0,34500.0,28000.0,2021-06-03
11750.0,36250.0,32500.0,39400.0,36250.0,42500.0,34500.0,28000.0,2021-06-04
11750.0,36250.0,32500.0,39400.0,36250.0,42500.0,34500.0,28000.0,2021-06-07
11750.0,36250.0,32500.0,39400.0,36250.0,42500.0,34500.0,28000.0,2021-06-08
11750.0,34400.0,31250.0,37500.0,33750.0,41250.0,34500.0,28000.0,2021-06-09
11750.0,34400.0,31250.0,37500.0,33750.0,41250.0,34500.0,28000.0,2021-06-10
11750.0,34400.0,31250.0,37500.0,33750.0,41250.0,34500.0,28000.0,2021-06-11
11750.0,34400.0,31250.0,37500.0,33750.0,41250.0,33750.0,28000.0,2021-06-14
11750.0,34400.0,31250.0,37500.0,33750.0,41250.0,33750.0,28000.0,2021-06-15
11750.0,30650.0,28750.0,35000.0,33750.0,36250.0,33750.0,28000.0,2021-06-16
11750.0,30650.0,28750.0,35000.0,33750.0,36250.0,33750.0,28000.0,2021-06-17
11750.0,30650.0,28750.0,35000.0,33750.0,36250.0,33750.0,28000.0,2021-06-18
11750.0,30650.0,28750.0,35000.0,33750.0,36250.0,33750.0,28000.0,2021-06-21
11750.0,30650.0,28750.0,34400.0,33750.0,35000.0,33750.0,28000.0,2021-06-22
11750.0,30650.0,28750.0,34400.0,33750.0,35000.0,33750.0,28000.0,2021-06-23
11750.0,30650.0,28750.0,34400.0,33750.0,35000.0,33750.0,28000.0,2021-06-24
11750.0,31900.0,28750.0,35650.0,33750.0,37500.0,33750.0,28000.0,2021-06-25
11750.0,33150.0,28750.0,38150.0,33750.0,42500.0,33750.0,28000.0,2021-06-28
11750.0,33150.0,28750.0,38150.0,33750.0,42500.0,33750.0,28000.0,2021-06-29
11750.0,33150.0,28750.0,38150.0,33750.0,42500.0,33750.0,28000.0,2021-06-30
11750.0,33150.0,28750.0,38150.0,33750.0,42500.0,33750.0,28000.0,2021-07-01
11750.0,33150.0,28750.0,38150.0,33750.0,42500.0,33750.0,28000.0,2021-07-02
11750.0,33150.0,28750.0,38150.0,33750.0,42500.0,33750.0,28000.0,2021-07-05
11750.0,33150.0,28750.0,38150.0,33750.0,42500.0,33750.0,28000.0,2021-07-06
11750.0,33150.0,28750.0,38150.0,33750.0,42500.0,33750.0,28000.0,2021-07-07
11750.0,34400.0,31250.0,40650.0,33750.0,47500.0,33750.0,28000.0,2021-07-08
11750.0,34400.0,31250.0,40650.0,33750.0,47500.0,33750.0,28000.0,2021-07-09
11750.0,34400.0,31250.0,40650.0,33750.0,47500.0,33750.0,28000.0,2021-07-12
11750.0,34400.0,31250.0,40650.0,33750.0,47500.0,33750.0,28000.0,2021-07-13
11750.0,34400.0,31250.0,40650.0,33750.0,47500.0,33750.0,28000.0,2021-07-14
11750.0,34400.0,31250.0,40650.0,33750.0,47500.0,33750.0,28000.0,2021-07-15
11750.0,34400.0,31250.0,40650.0,33750.0,47500.0,33750.0,28000.0,2021-07-16
11750.0,35650.0,31250.0,40650.0,33750.0,47500.0,33750.0,28000.0,2021-07-19
11750.0,35650.0,31250.0,40650.0,33750.0,47500.0,33750.0,28000.0,2021-07-20
11750.0,35650.0,31250.0,45650.0,33750.0,57500.0,33750.0,28000.0,2021-07-21
11750.0,35650.0,31250.0,45650.0,33750.0,57500.0,33750.0,28000.0,2021-07-22
11750.0,35650.0,31250.0,45650.0,33750.0,57500.0,33750.0,28000.0,2021-07-23
11750.0,36250.0,32500.0,45650.0,33750.0,57500.0,34500.0,28000.0,2021-07-26
11750.0,35000.0,32500.0,45650.0,33750.0,57500.0,34500.0,28000.0,2021-07-27
11750.0,35000.0,32500.0,45650.0,33750.0,57500.0,34500.0,28000.0,2021-07-28
11750.0,35000.0,32500.0,45650.0,33750.0,57500.0,34500.0,28000.0,2021-07-29
11750.0,35000.0,32500.0,45650.0,33750.0,57500.0,34500.0,28000.0,2021-07-30
11750.0,35000.0,32500.0,44400.0,33750.0,55000.0,34500.0,28000.0,2021-08-02
11750.0,35000.0,32500.0,41900.0,33750.0,50000.0,34500.0,28000.0,2021-08-03
11750.0,35000.0,32500.0,41900.0,33750.0,50000.0,34500.0,28000.0,2021-08-04
11750.0,35000.0,32500.0,41900.0,33750.0,50000.0,34500.0,28000.0,2021-08-05
11750.0,35000.0,32500.0,41900.0,33750.0,50000.0,34500.0,28000.0,2021-08-06
11750.0,35000.0,32500.0,41900.0,33750.0,50000.0,34500.0,28000.0,2021-08-09
11750.0,35000.0,32500.0,41900.0,33750.0,50000.0,34500.0,28000.0,2021-08-10
11750.0,35000.0,32500.0,41900.0,33750.0,50000.0,34500.0,28000.0,2021-08-11
11750.0,35000.0,32500.0,41900.0,33750.0,50000.0,33750.0,28000.0,2021-08-12
11750.0,35000.0,32500.0,41900.0,33750.0,50000.0,33750.0,28000.0,2021-08-13
11750.0,33750.0,31250.0,38150.0,32500.0,43750.0,33750.0,28000.0,2021-08-16
11750.0,33750.0,31250.0,38150.0,32500.0,43750.0,33750.0,28000.0,2021-08-17
11750.0,33750.0,31250.0,33150.0,32500.0,33750.0,33750.0,28000.0,2021-08-18
11750.0,33750.0,31250.0,33150.0,32500.0,33750.0,33750.0,28000.0,2021-08-19
11750.0,33750.0,31250.0,33150.0,32500.0,33750.0,33750.0,28000.0,2021-08-20
11750.0,31900.0,30000.0,32500.0,31250.0,33750.0,31250.0,28000.0,2021-08-23
11750.0,31900.0,30000.0,32500.0,31250.0,33750.0,31250.0,28000.0,2021-08-24
11750.0,31900.0,30000.0,32500.0,31250.0,33750.0,31250.0,28000.0,2021-08-25
11750.0,31900.0,30000.0,32500.0,31250.0,33750.0,31250.0,28000.0,2021-08-26
11750.0,31900.0,30000.0,30650.0,30000.0,31250.0,31750.0,28000.0,2021-08-27
11750.0,31900.0,30000.0,29400.0,28750.0,30000.0,31750.0,28000.0,2021-08-30
11750.0,31900.0,30000.0,29400.0,28750.0,30000.0,31750.0,28000.0,2021-08-31
11750.0,31900.0,30000.0,29400.0,28750.0,30000.0,31750.0,28000.0,2021-09-01
11750.0,31900.0,30000.0,29400.0,28750.0,30000.0,31750.0,28000.0,2021-09-02
11750.0,31900.0,30000.0,29400.0,28750.0,30000.0,31750.0,28000.0,2021-09-03
11750.0,31900.0,30000.0,29400.0,28750.0,30000.0,31750.0,29250.0,2021-09-06
11750.0,31900.0,30000.0,29400.0,28750.0,30000.0,31750.0,29250.0,2021-09-07
11750.0,31900.0,30000.0,29400.0,28750.0,30000.0,31750.0,29250.0,2021-09-08
11750.0,31250.0,28750.0,29400.0,28750.0,30000.0,31250.0,29250.0,2021-09-09
11750.0,31250.0,28750.0,29400.0,28750.0,30000.0,31250.0,29250.0,2021-09-10
11750.0,32500.0,28750.0,29400.0,28750.0,30000.0,31250.0,29250.0,2021-09-13
11750.0,32500.0,28750.0,29400.0,28750.0,30000.0,31250.0,29250.0,2021-09-14
11750.0,32500.0,28750.0,29400.0,28750.0,30000.0,31250.0,29250.0,2021-09-15
11750.0,32500.0,28750.0,29400.0,28750.0,30000.0,31250.0,29250.0,2021-09-16
11750.0,32500.0,28750.0,29400.0,28750.0,30000.0,31250.0,29250.0,2021-09-17
11750.0,32500.0,28750.0,29400.0,28750.0,30000.0,31250.0,29250.0,2021-09-20
11750.0,32500.0,28750.0,29400.0,28750.0,30000.0,31250.0,29250.0,2021-09-21
11750.0,32500.0,28750.0,29400.0,28750.0,30000.0,31250.0,29250.0,2021-09-22
11750.0,32500.0,28750.0,29400.0,28750.0,30000.0,31250.0,29250.0,2021-09-23
11750.0,32500.0,28750.0,29400.0,28750.0,30000.0,31250.0,29250.0,2021-09-24
11750.0,32500.0,28750.0,29400.0,28750.0,30000.0,31250.0,29250.0,2021-09-27
11750.0,32500.0,28750.0,29400.0,28750.0,30000.0,31250.0,29250.0,2021-09-28
11750.0,36250.0,28750.0,29400.0,28750.0,30000.0,30750.0,29250.0,2021-09-29
11750.0,36250.0,28750.0,29400.0,28750.0,30000.0,30750.0,29250.0,2021-09-30
11750.0,36250.0,28750.0,29400.0,28750.0,30000.0,30750.0,29250.0,2021-10-01
11750.0,36900.0,30000.0,29400.0,28750.0,30000.0,30750.0,29250.0,2021-10-04
11750.0,37500.0,31250.0,30000.0,30000.0,30000.0,30750.0,29250.0,2021-10-05
11750.0,38150.0,32500.0,30000.0,30000.0,30000.0,30750.0,29250.0,2021-10-06
11750.0,38150.0,32500.0,30000.0,30000.0,30000.0,30750.0,29250.0,2021-10-07
11750.0,38150.0,32500.0,30000.0,30000.0,30000.0,30750.0,29250.0,2021-10-08
11750.0,38150.0,32500.0,30000.0,30000.0,30000.0,30750.0,29250.0,2021-10-11
11750.0,38150.0,32500.0,30000.0,30000.0,30000.0,30750.0,29250.0,2021-10-12
11750.0,38150.0,32500.0,30000.0,30000.0,30000.0,30750.0,29250.0,2021-10-13
11750.0,38150.0,32500.0,30000.0,30000.0,30000.0,30750.0,29250.0,2021-10-14
11750.0,38150.0,32500.0,30000.0,30000.0,30000.0,30750.0,29250.0,2021-10-15
11750.0,38150.0,32500.0,30000.0,30000.0,30000.0,30750.0,29250.0,2021-10-18
11750.0,40000.0,35000.0,32500.0,33750.0,31250.0,30750.0,29250.0,2021-10-19
11750.0,40000.0,35000.0,32500.0,33750.0,31250.0,30750.0,29250.0,2021-10-20
11750.0,40000.0,35000.0,32500.0,33750.0,31250.0,30750.0,29250.0,2021-10-21
11750.0,40000.0,35000.0,32500.0,33750.0,31250.0,30750.0,29250.0,2021-10-22
11750.0,40000.0,35000.0,32500.0,33750.0,31250.0,30250.0,29250.0,2021-10-25
11750.0,40000.0,35000.0,32500.0,33750.0,31250.0,30000.0,29250.0,2021-10-26
11750.0,40000.0,35000.0,32500.0,33750.0,31250.0,30000.0,29250.0,2021-10-27
11750.0,37500.0,35000.0,32500.0,33750.0,31250.0,27500.0,29250.0,2021-10-28
11750.0,37500.0,35000.0,32500.0,33750.0,31250.0,27500.0,29250.0,2021-10-29
11750.0,41250.0,42500.0,31250.0,31250.0,31250.0,27500.0,29250.0,2021-11-01
11750.0,41250.0,42500.0,31250.0,31250.0,31250.0,27500.0,29250.0,2021-11-02
11750.0,41250.0,42500.0,31250.0,31250.0,31250.0,27500.0,29250.0,2021-11-03
11750.0,42500.0,42500.0,31250.0,31250.0,31250.0,27500.0,29250.0,2021-11-04
11750.0,42500.0,42500.0,31250.0,31250.0,31250.0,27500.0,29250.0,2021-11-05
11750.0,42500.0,42500.0,31250.0,31250.0,31250.0,27500.0,29250.0,2021-11-08
11750.0,48750.0,50000.0,32500.0,32500.0,32500.0,28250.0,29250.0,2021-11-09
11750.0,53750.0,55000.0,32500.0,32500.0,32500.0,28250.0,29250.0,2021-11-10
11750.0,53750.0,55000.0,32500.0,32500.0,32500.0,28250.0,29250.0,2021-11-11
11750.0,53750.0,55000.0,32500.0,32500.0,32500.0,28250.0,29250.0,2021-11-12
11750.0,53750.0,55000.0,32500.0,32500.0,32500.0,28250.0,29250.0,2021-11-15
11750.0,53750.0,55000.0,32500.0,32500.0,32500.0,28250.0,29250.0,2021-11-16
11750.0,53750.0,55000.0,32500.0,32500.0,32500.0,28250.0,29250.0,2021-11-17
11750.0,53750.0,55000.0,32500.0,32500.0,32500.0,28250.0,29250.0,2021-11-18
11750.0,53750.0,55000.0,32500.0,32500.0,32500.0,28250.0,29250.0,2021-11-19
11750.0,53750.0,55000.0,35000.0,35000.0,35000.0,28250.0,29250.0,2021-11-22
11750.0,53750.0,55000.0,35000.0,35000.0,35000.0,28250.0,29250.0,2021-11-23
11750.0,53750.0,55000.0,35000.0,35000.0,35000.0,28250.0,29250.0,2021-11-24
11750.0,53750.0,55000.0,35000.0,35000.0,35000.0,28250.0,29250.0,2021-11-25
11750.0,53750.0,55000.0,35000.0,35000.0,35000.0,28250.0,29250.0,2021-11-26
11750.0,53750.0,55000.0,35000.0,35000.0,35000.0,28250.0,29250.0,2021-11-29
11750.0,53750.0,55000.0,36250.0,35000.0,37500.0,28250.0,29250.0,2021-11-30
11750.0,53750.0,55000.0,36250.0,35000.0,37500.0,28250.0,29250.0,2021-12-01
11750.0,52500.0,52500.0,41900.0,37500.0,46250.0,27500.0,29250.0,2021-12-02
11750.0,52500.0,52500.0,43150.0,37500.0,48750.0,27500.0,29250.0,2021-12-03
11750.0,52500.0,52500.0,56250.0,40000.0,72500.0,27500.0,29250.0,2021-12-06
11750.0,52500.0,52500.0,57500.0,42500.0,72500.0,27500.0,29250.0,2021-12-07
11750.0,52500.0,52500.0,57500.0,42500.0,72500.0,27500.0,29250.0,2021-12-08
11750.0,52500.0,52500.0,58750.0,45000.0,72500.0,27500.0,29250.0,2021-12-09
11750.0,52500.0,52500.0,58750.0,45000.0,72500.0,28250.0,29250.0,2021-12-10
11750.0,52500.0,52500.0,67500.0,52500.0,82500.0,28750.0,29250.0,2021-12-13
11750.0,53750.0,52500.0,67500.0,52500.0,82500.0,28750.0,29250.0,2021-12-14
11750.0,53750.0,52500.0,73150.0,58750.0,87500.0,28750.0,29250.0,2021-12-15
11750.0,53750.0,52500.0,73150.0,58750.0,87500.0,28750.0,29250.0,2021-12-16
11750.0,53750.0,52500.0,78150.0,63750.0,92500.0,28750.0,29250.0,2021-12-17
11750.0,53750.0,52500.0,79400.0,63750.0,95000.0,28750.0,29250.0,2021-12-20
11850.0,51250.0,47500.0,81900.0,63750.0,100000.0,28750.0,29250.0,2021-12-21
11850.0,51250.0,47500.0,83150.0,66250.0,100000.0,28750.0,29250.0,2021-12-22
11850.0,51250.0,47500.0,83150.0,66250.0,100000.0,28750.0,29250.0,2021-12-23
11850.0,51250.0,47500.0,83150.0,66250.0,100000.0,28750.0,29250.0,2021-12-24
11850.0,51250.0,47500.0,83150.0,66250.0,100000.0,28750.0,29250.0,2021-12-27
11850.0,51250.0,47500.0,83150.0,66250.0,100000.0,28750.0,29250.0,2021-12-28
11850.0,51250.0,47500.0,83150.0,66250.0,100000.0,28750.0,29250.0,2021-12-29
11850.0,51250.0,47500.0,83150.0,66250.0,100000.0,28750.0,29250.0,2021-12-30
11850.0,51250.0,47500.0,83150.0,66250.0,100000.0,28750.0,29250.0,2021-12-31
11850.0,51250.0,47500.0,83150.0,66250.0,100000.0,28750.0,29250.0,2022-01-03
11850.0,50650.0,47500.0,83150.0,66250.0,100000.0,28750.0,29250.0,2022-01-04
11950.0,50650.0,47500.0,83150.0,66250.0,100000.0,28750.0,29250.0,2022-01-05
11950.0,50650.0,47500.0,83150.0,66250.0,100000.0,28750.0,29250.0,2022-01-06
12050.0,50650.0,47500.0,75650.0,61250.0,90000.0,28750.0,29250.0,2022-01-07
12050.0,41900.0,35000.0,66250.0,60000.0,72500.0,28750.0,29250.0,2022-01-10
12050.0,40650.0,35000.0,62500.0,57500.0,67500.0,28750.0,29250.0,2022-01-11
12050.0,38150.0,32500.0,62500.0,57500.0,67500.0,28750.0,29250.0,2022-01-12
12050.0,38150.0,32500.0,62500.0,57500.0,67500.0,28750.0,29250.0,2022-01-13
12050.0,38150.0,32500.0,62500.0,57500.0,67500.0,28750.0,29250.0,2022-01-14
12050.0,38150.0,32500.0,62500.0,57500.0,67500.0,28750.0,29250.0,2022-01-17
12050.0,38150.0,32500.0,62500.0,57500.0,67500.0,28750.0,29250.0,2022-01-18
12050.0,37500.0,32500.0,58750.0,57500.0,60000.0,28750.0,29250.0,2022-01-19
12150.0,37500.0,32500.0,58750.0,57500.0,60000.0,28750.0,29250.0,2022-01-20
12150.0,37500.0,32500.0,58750.0,57500.0,60000.0,28750.0,29250.0,2022-01-21
12150.0,35000.0,32500.0,53750.0,55000.0,52500.0,28750.0,29250.0,2022-01-24
12150.0,35650.0,33750.0,50000.0,50000.0,50000.0,28750.0,29250.0,2022-01-25
12150.0,35650.0,33750.0,48750.0,47500.0,50000.0,28750.0,29250.0,2022-01-26
12150.0,35650.0,33750.0,47500.0,47500.0,47500.0,28750.0,29250.0,2022-01-27
12150.0,35650.0,33750.0,47500.0,47500.0,47500.0,28750.0,29250.0,2022-01-28
12150.0,35650.0,33750.0,47500.0,47500.0,47500.0,28750.0,29250.0,2022-01-31
12150.0,35650.0,33750.0,47500.0,47500.0,47500.0,28750.0,29250.0,2022-02-01
12150.0,35650.0,33750.0,47500.0,47500.0,47500.0,32500.0,29250.0,2022-02-02
12150.0,35650.0,33750.0,47500.0,47500.0,47500.0,32500.0,29250.0,2022-02-03
12150.0,35650.0,33750.0,47500.0,47500.0,47500.0,31750.0,29250.0,2022-02-04
12150.0,36900.0,33750.0,47500.0,47500.0,47500.0,31750.0,29250.0,2022-02-07
12150.0,36900.0,33750.0,47500.0,47500.0,47500.0,31750.0,29250.0,2022-02-08
12150.0,36900.0,33750.0,47500.0,47500.0,47500.0,31750.0,29250.0,2022-02-09
12150.0,36900.0,33750.0,47500.0,47500.0,47500.0,31750.0,29250.0,2022-02-10
12150.0,36900.0,33750.0,47500.0,47500.0,47500.0,34250.0,29250.0,2022-02-11
12150.0,37500.0,35000.0,45000.0,45000.0,45000.0,38750.0,29250.0,2022-02-14
12150.0,37500.0,35000.0,45000.0,45000.0,45000.0,38750.0,29250.0,2022-02-15
12150.0,37500.0,35000.0,45000.0,45000.0,45000.0,38750.0,29250.0,2022-02-16
12150.0,38150.0,36250.0,46900.0,45000.0,48750.0,38750.0,29250.0,2022-02-17
12150.0,39400.0,38750.0,46900.0,45000.0,48750.0,38750.0,29250.0,2022-02-18
12150.0,39400.0,38750.0,47500.0,45000.0,50000.0,37500.0,29250.0,2022-02-21
12150.0,39400.0,38750.0,47500.0,45000.0,50000.0,37500.0,29250.0,2022-02-22
12150.0,40650.0,41250.0,47500.0,45000.0,50000.0,37500.0,29750.0,2022-02-23
12150.0,40650.0,41250.0,47500.0,45000.0,50000.0,37500.0,29750.0,2022-02-24
12150.0,41900.0,41250.0,47500.0,45000.0,50000.0,37500.0,29750.0,2022-02-25
12150.0,41900.0,41250.0,47500.0,45000.0,50000.0,37500.0,29750.0,2022-02-28
12150.0,41900.0,41250.0,57500.0,45000.0,70000.0,37500.0,29750.0,2022-03-01
12150.0,41900.0,41250.0,57500.0,45000.0,70000.0,37500.0,29750.0,2022-03-02
12150.0,41900.0,41250.0,57500.0,45000.0,70000.0,37500.0,29750.0,2022-03-03
12150.0,41900.0,41250.0,61250.0,45000.0,77500.0,37500.0,29750.0,2022-03-04
12150.0,41900.0,41250.0,62500.0,45000.0,80000.0,37500.0,29750.0,2022-03-07
12150.0,43150.0,41250.0,62500.0,45000.0,80000.0,37500.0,29750.0,2022-03-08
12150.0,43150.0,41250.0,62500.0,45000.0,80000.0,37500.0,29750.0,2022-03-09
12150.0,43150.0,41250.0,60000.0,45000.0,75000.0,37000.0,29750.0,2022-03-10
12150.0,43150.0,41250.0,60000.0,45000.0,75000.0,37000.0,29750.0,2022-03-11
12150.0,45000.0,45000.0,60000.0,45000.0,75000.0,37000.0,29750.0,2022-03-14
12150.0,46250.0,45000.0,59400.0,45000.0,73750.0,37000.0,29750.0,2022-03-15
12150.0,55000.0,55000.0,60650.0,47500.0,73750.0,37000.0,29750.0,2022-03-16
12150.0,55000.0,55000.0,60650.0,47500.0,73750.0,37000.0,29750.0,2022-03-17
12150.0,60000.0,60000.0,60650.0,47500.0,73750.0,37000.0,29750.0,2022-03-18
12150.0,58750.0,60000.0,61900.0,47500.0,76250.0,36500.0,29750.0,2022-03-21
12150.0,58750.0,60000.0,61900.0,47500.0,76250.0,36500.0,29750.0,2022-03-22
12150.0,57500.0,57500.0,62500.0,50000.0,75000.0,36500.0,29750.0,2022-03-23
12150.0,57500.0,57500.0,62500.0,50000.0,75000.0,36500.0,29750.0,2022-03-24
12150.0,57500.0,57500.0,62500.0,50000.0,75000.0,36500.0,29750.0,2022-03-25
12150.0,55000.0,55000.0,59400.0,50000.0,68750.0,36250.0,30250.0,2022-03-28
12150.0,55000.0,55000.0,59400.0,50000.0,68750.0,36250.0,30250.0,2022-03-29
12150.0,56250.0,55000.0,60650.0,50000.0,71250.0,36250.0,30250.0,2022-03-30
12150.0,56250.0,55000.0,60650.0,50000.0,71250.0,36250.0,30250.0,2022-03-31
12150.0,61250.0,55000.0,60000.0,50000.0,70000.0,36250.0,30250.0,2022-04-01
12150.0,63750.0,57500.0,60000.0,50000.0,70000.0,36250.0,30250.0,2022-04-04
12150.0,63750.0,57500.0,60000.0,50000.0,70000.0,40000.0,30250.0,2022-04-05
12150.0,63750.0,57500.0,60000.0,50000.0,70000.0,40750.0,30250.0,2022-04-06
12150.0,62500.0,57500.0,60000.0,50000.0,70000.0,40750.0,30250.0,2022-04-07
12150.0,62500.0,57500.0,57500.0,50000.0,65000.0,40750.0,30250.0,2022-04-08
12150.0,58750.0,55000.0,57500.0,50000.0,65000.0,40000.0,30250.0,2022-04-11
12150.0,55000.0,52500.0,57500.0,50000.0,65000.0,40000.0,30250.0,2022-04-12
12150.0,55000.0,52500.0,55000.0,48750.0,61250.0,40000.0,30250.0,2022-04-13
12150.0,55000.0,52500.0,52500.0,48750.0,56250.0,40000.0,30250.0,2022-04-14
12150.0,55000.0,52500.0,52500.0,48750.0,56250.0,40000.0,30250.0,2022-04-15
12150.0,52500.0,50000.0,51250.0,48750.0,53750.0,40000.0,30250.0,2022-04-18
12150.0,52500.0,50000.0,51250.0,48750.0,53750.0,40000.0,30250.0,2022-04-19
12150.0,50000.0,45000.0,43750.0,41250.0,46250.0,40000.0,30250.0,2022-04-20
12150.0,50000.0,45000.0,43750.0,41250.0,46250.0,40000.0,30250.0,2022-04-21
12150.0,46900.0,41250.0,43750.0,41250.0,46250.0,40000.0,30250.0,2022-04-22
12150.0,54400.0,46250.0,43750.0,41250.0,46250.0,43250.0,30750.0,2022-04-25
12150.0,54400.0,46250.0,43750.0,41250.0,46250.0,43250.0,30750.0,2022-04-26
12150.0,58750.0,47500.0,43750.0,41250.0,46250.0,43250.0,30750.0,2022-04-27
12150.0,65000.0,50000.0,44400.0,41250.0,47500.0,43250.0,31500.0,2022-04-28
12150.0,65000.0,50000.0,44400.0,41250.0,47500.0,43250.0,31500.0,2022-04-29
12150.0,65000.0,50000.0,44400.0,41250.0,47500.0,43250.0,31500.0,2022-05-02
12150.0,65000.0,50000.0,44400.0,41250.0,47500.0,43250.0,31500.0,2022-05-03
12150.0,62500.0,52500.0,42500.0,37500.0,47500.0,42250.0,29000.0,2022-05-04
12150.0,62500.0,52500.0,42500.0,37500.0,47500.0,42250.0,29000.0,2022-05-05
12150.0,62500.0,52500.0,42500.0,37500.0,47500.0,42250.0,29000.0,2022-05-06
12150.0,62500.0,52500.0,42500.0,37500.0,47500.0,42250.0,29000.0,2022-05-09
12200.0,61250.0,50000.0,42500.0,37500.0,47500.0,42250.0,29000.0,2022-05-10
12200.0,60000.0,50000.0,42500.0,37500.0,47500.0,42250.0,29000.0,2022-05-11
12200.0,60000.0,50000.0,42500.0,37500.0,47500.0,42250.0,29000.0,2022-05-12
12200.0,58750.0,47500.0,43750.0,40000.0,47500.0,42250.0,29000.0,2022-05-13
12200.0,58750.0,47500.0,43750.0,40000.0,47500.0,42250.0,29000.0,2022-05-16
12200.0,59400.0,47500.0,45000.0,42500.0,47500.0,43750.0,29000.0,2022-05-17
12200.0,59400.0,47500.0,45000.0,42500.0,47500.0,46250.0,29000.0,2022-05-18
12200.0,61250.0,47500.0,45000.0,42500.0,47500.0,46250.0,29000.0,2022-05-19
12200.0,62500.0,50000.0,46250.0,45000.0,47500.0,46250.0,29000.0,2022-05-20
12200.0,62500.0,50000.0,48750.0,45000.0,52500.0,46250.0,29000.0,2022-05-23
12200.0,62500.0,50000.0,48750.0,45000.0,52500.0,46250.0,29000.0,2022-05-24
12200.0,62500.0,50000.0,51250.0,45000.0,57500.0,47500.0,29000.0,2022-05-25
12200.0,62500.0,50000.0,51250.0,45000.0,57500.0,47500.0,29000.0,2022-05-26
12200.0,62500.0,50000.0,52500.0,45000.0,60000.0,47500.0,29000.0,2022-05-27
12200.0,63750.0,52500.0,55000.0,47500.0,62500.0,47000.0,28500.0,2022-05-30
12200.0,64400.0,56250.0,55000.0,47500.0,62500.0,47000.0,28500.0,2022-05-31
12200.0,64400.0,56250.0,55000.0,47500.0,62500.0,47000.0,28500.0,2022-06-01
12200.0,64400.0,56250.0,56250.0,47500.0,65000.0,47000.0,28500.0,2022-06-02
12200.0,64400.0,56250.0,56250.0,47500.0,65000.0,47000.0,28500.0,2022-06-03
12200.0,69400.0,61250.0,66250.0,55000.0,77500.0,47000.0,28500.0,2022-06-06
12200.0,70650.0,63750.0,78750.0,65000.0,92500.0,47000.0,28500.0,2022-06-07
12200.0,71900.0,66250.0,81250.0,67500.0,95000.0,48750.0,28500.0,2022-06-08
12200.0,73150.0,68750.0,82500.0,70000.0,95000.0,48750.0,28500.0,2022-06-09
12200.0,73150.0,68750.0,83750.0,70000.0,97500.0,48750.0,28500.0,2022-06-10
12200.0,73150.0,68750.0,83750.0,70000.0,97500.0,48750.0,28500.0,2022-06-13
12200.0,73750.0,70000.0,83750.0,70000.0,97500.0,48750.0,28500.0,2022-06-14
12200.0,76250.0,75000.0,83150.0,68750.0,97500.0,53750.0,28500.0,2022-06-15
12200.0,76250.0,75000.0,83750.0,70000.0,97500.0,56250.0,28500.0,2022-06-16
12200.0,76250.0,75000.0,85000.0,70000.0,100000.0,56250.0,28500.0,2022-06-17
12200.0,76250.0,75000.0,83750.0,70000.0,97500.0,57500.0,28500.0,2022-06-20
12200.0,76250.0,75000.0,83750.0,70000.0,97500.0,57500.0,28500.0,2022-06-21
12200.0,76250.0,75000.0,83750.0,70000.0,97500.0,57500.0,28500.0,2022-06-22
12200.0,76250.0,75000.0,83750.0,70000.0,97500.0,57500.0,28500.0,2022-06-23
12200.0,77500.0,75000.0,83750.0,70000.0,97500.0,57500.0,28500.0,2022-06-24
12200.0,80000.0,80000.0,83750.0,70000.0,97500.0,57500.0,28500.0,2022-06-27
12200.0,80000.0,80000.0,82500.0,70000.0,95000.0,57000.0,28500.0,2022-06-28
12200.0,78750.0,77500.0,82500.0,70000.0,95000.0,57000.0,28500.0,2022-06-29
12200.0,78750.0,77500.0,78750.0,70000.0,87500.0,57000.0,28500.0,2022-06-30
12200.0,78750.0,77500.0,78750.0,70000.0,87500.0,57000.0,28500.0,2022-07-01
12200.0,85000.0,82500.0,82500.0,75000.0,90000.0,61250.0,28500.0,2022-07-04
12200.0,91250.0,90000.0,88750.0,85000.0,92500.0,61250.0,28500.0,2022-07-05
12200.0,91250.0,90000.0,92500.0,85000.0,100000.0,61250.0,28500.0,2022-07-06
12200.0,97500.0,97500.0,93750.0,87500.0,100000.0,66250.0,28500.0,2022-07-07
12200.0,97500.0,97500.0,93750.0,87500.0,100000.0,66250.0,28500.0,2022-07-08
12200.0,111250.0,110000.0,93750.0,87500.0,100000.0,65500.0,28500.0,2022-07-11
12200.0,118750.0,117500.0,97500.0,92500.0,102500.0,65500.0,28500.0,2022-07-12
12200.0,118750.0,117500.0,100000.0,92500.0,107500.0,65500.0,28500.0,2022-07-13
12200.0,112500.0,115000.0,100000.0,92500.0,107500.0,65500.0,28500.0,2022-07-14
12200.0,110000.0,115000.0,95000.0,87500.0,102500.0,65500.0,28500.0,2022-07-15
12200.0,111250.0,107500.0,85650.0,80000.0,91250.0,71250.0,28500.0,2022-07-18
12200.0,108750.0,102500.0,83150.0,80000.0,86250.0,71250.0,28500.0,2022-07-19
12200.0,105000.0,95000.0,81900.0,77500.0,86250.0,71250.0,28500.0,2022-07-20
12200.0,96900.0,93750.0,78750.0,77500.0,80000.0,68750.0,28500.0,2022-07-21
12200.0,94400.0,93750.0,78750.0,77500.0,80000.0,60000.0,28500.0,2022-07-22
12200.0,91900.0,91250.0,78750.0,77500.0,80000.0,59500.0,28500.0,2022-07-25
12200.0,91900.0,91250.0,78750.0,77500.0,80000.0,59500.0,28500.0,2022-07-26
12200.0,87500.0,90000.0,78750.0,77500.0,80000.0,57000.0,28500.0,2022-07-27
12200.0,82500.0,80000.0,76250.0,77500.0,75000.0,54500.0,28500.0,2022-07-28
12200.0,82500.0,80000.0,76250.0,77500.0,75000.0,54500.0,28500.0,2022-07-29
12200.0,81250.0,77500.0,75000.0,77500.0,72500.0,51000.0,28000.0,2022-08-01
12200.0,81250.0,77500.0,75000.0,77500.0,72500.0,51000.0,28000.0,2022-08-02
12200.0,81250.0,77500.0,75000.0,77500.0,72500.0,51000.0,28000.0,2022-08-03
12200.0,81250.0,77500.0,75000.0,77500.0,72500.0,51000.0,28000.0,2022-08-04
12200.0,80650.0,77500.0,75000.0,77500.0,72500.0,50000.0,28000.0,2022-08-05
12200.0,79400.0,77500.0,72500.0,75000.0,70000.0,48750.0,28000.0,2022-08-08
12200.0,79400.0,77500.0,72500.0,75000.0,70000.0,48750.0,28000.0,2022-08-09
12200.0,80650.0,80000.0,72500.0,75000.0,70000.0,48750.0,28000.0,2022-08-10
12200.0,80650.0,80000.0,72500.0,75000.0,70000.0,48750.0,28000.0,2022-08-11
12200.0,80650.0,80000.0,72500.0,75000.0,70000.0,48750.0,28000.0,2022-08-12
12200.0,80650.0,80000.0,72500.0,75000.0,70000.0,48750.0,28000.0,2022-08-15
12200.0,80650.0,80000.0,72500.0,75000.0,70000.0,48750.0,28000.0,2022-08-16
12200.0,80650.0,80000.0,72500.0,75000.0,70000.0,48750.0,28000.0,2022-08-17
12200.0,80650.0,80000.0,72500.0,75000.0,70000.0,48750.0,28000.0,2022-08-18
12200.0,79400.0,77500.0,71250.0,75000.0,67500.0,48250.0,28000.0,2022-08-19
12200.0,79400.0,77500.0,65000.0,67500.0,62500.0,44000.0,28000.0,2022-08-22
12200.0,78150.0,77500.0,62500.0,65000.0,60000.0,40000.0,28000.0,2022-08-23
12200.0,78150.0,77500.0,62500.0,65000.0,60000.0,40000.0,28000.0,2022-08-24
12200.0,76900.0,75000.0,62500.0,65000.0,60000.0,40000.0,28000.0,2022-08-25
12200.0,75000.0,75000.0,62500.0,65000.0,60000.0,40000.0,28000.0,2022-08-26
12200.0,72500.0,70000.0,61250.0,62500.0,60000.0,40000.0,28000.0,2022-08-29
12200.0,72500.0,70000.0,61250.0,62500.0,60000.0,38750.0,28000.0,2022-08-30
12200.0,72500.0,70000.0,61250.0,62500.0,60000.0,38750.0,28000.0,2022-08-31
12200.0,72500.0,70000.0,58750.0,60000.0,57500.0,38750.0,28000.0,2022-09-01
12200.0,75000.0,72500.0,58750.0,60000.0,57500.0,38750.0,28000.0,2022-09-02
12200.0,75650.0,73750.0,59400.0,60000.0,58750.0,39250.0,28000.0,2022-09-05
12200.0,78750.0,78750.0,59400.0,60000.0,58750.0,39250.0,28000.0,2022-09-06
12200.0,78750.0,78750.0,59400.0,60000.0,58750.0,39250.0,28000.0,2022-09-07
12200.0,80650.0,82500.0,61900.0,60000.0,63750.0,39500.0,28000.0,2022-09-08
12200.0,82500.0,83750.0,61900.0,60000.0,63750.0,39500.0,28000.0,2022-09-09
12200.0,82500.0,83750.0,61900.0,60000.0,63750.0,39500.0,28000.0,2022-09-12
12200.0,82500.0,83750.0,61900.0,60000.0,63750.0,39500.0,28000.0,2022-09-13
12200.0,82500.0,83750.0,61900.0,60000.0,63750.0,39500.0,28000.0,2022-09-14
12200.0,82500.0,83750.0,61900.0,60000.0,63750.0,39500.0,28000.0,2022-09-15
12200.0,80650.0,80000.0,63150.0,60000.0,66250.0,39500.0,28000.0,2022-09-16
12200.0,78150.0,75000.0,64400.0,60000.0,68750.0,39500.0,28000.0,2022-09-19
12200.0,78150.0,75000.0,64400.0,60000.0,68750.0,39500.0,28000.0,2022-09-20
12200.0,78150.0,75000.0,64400.0,60000.0,68750.0,39500.0,28000.0,2022-09-21
12200.0,78150.0,75000.0,64400.0,60000.0,68750.0,39500.0,28000.0,2022-09-22
12200.0,75650.0,75000.0,64400.0,60000.0,68750.0,39500.0,28000.0,2022-09-23
12200.0,71900.0,67500.0,64400.0,60000.0,68750.0,39500.0,28000.0,2022-09-26
12200.0,71900.0,67500.0,64400.0,60000.0,68750.0,39500.0,28000.0,2022-09-27
12200.0,71900.0,67500.0,64400.0,60000.0,68750.0,39500.0,28000.0,2022-09-28
12200.0,71250.0,67500.0,63150.0,57500.0,68750.0,39500.0,28000.0,2022-09-29
12200.0,70000.0,66250.0,63150.0,57500.0,68750.0,39500.0,28000.0,2022-09-30
12200.0,66250.0,62500.0,60000.0,55000.0,65000.0,38750.0,28000.0,2022-10-03
12200.0,65650.0,62500.0,59400.0,55000.0,63750.0,38750.0,28000.0,2022-10-04
12200.0,61900.0,57500.0,59400.0,55000.0,63750.0,38750.0,28000.0,2022-10-05
12200.0,61900.0,57500.0,59400.0,55000.0,63750.0,38750.0,28000.0,2022-10-06
12200.0,61900.0,57500.0,59400.0,55000.0,63750.0,41250.0,28000.0,2022-10-07
12200.0,61900.0,57500.0,59400.0,55000.0,63750.0,41250.0,28000.0,2022-10-10
12200.0,61900.0,57500.0,59400.0,55000.0,63750.0,41250.0,28000.0,2022-10-11
12200.0,67500.0,65000.0,58750.0,52500.0,65000.0,41500.0,27500.0,2022-10-12
12200.0,69400.0,70000.0,56250.0,47500.0,65000.0,40250.0,27500.0,2022-10-13
12200.0,69400.0,70000.0,56250.0,47500.0,65000.0,40250.0,27500.0,2022-10-14
12200.0,68150.0,67500.0,56250.0,47500.0,65000.0,40250.0,27500.0,2022-10-17
12200.0,66900.0,67500.0,55000.0,45000.0,65000.0,40250.0,27500.0,2022-10-18
12200.0,66900.0,67500.0,55000.0,45000.0,65000.0,40250.0,27500.0,2022-10-19
12200.0,60000.0,60000.0,52500.0,45000.0,60000.0,40250.0,27500.0,2022-10-20
12200.0,58750.0,57500.0,52500.0,45000.0,60000.0,40250.0,27500.0,2022-10-21
12200.0,56250.0,55000.0,50000.0,42500.0,57500.0,40250.0,27500.0,2022-10-24
12200.0,53750.0,55000.0,47500.0,42500.0,52500.0,40250.0,27500.0,2022-10-25
12200.0,53750.0,55000.0,47500.0,42500.0,52500.0,40250.0,27500.0,2022-10-26
12200.0,53750.0,55000.0,47500.0,42500.0,52500.0,40250.0,27500.0,2022-10-27
12200.0,53750.0,55000.0,47500.0,42500.0,52500.0,40750.0,27500.0,2022-10-28
12200.0,52500.0,52500.0,47500.0,42500.0,52500.0,42000.0,27500.0,2022-10-31
12200.0,50000.0,47500.0,45000.0,42500.0,47500.0,42000.0,27500.0,2022-11-01
12200.0,50000.0,47500.0,45000.0,42500.0,47500.0,42000.0,27500.0,2022-11-02
12200.0,50000.0,47500.0,45000.0,42500.0,47500.0,42000.0,27500.0,2022-11-03
12200.0,48750.0,45000.0,45000.0,42500.0,47500.0,42000.0,27500.0,2022-11-04
12200.0,48750.0,45000.0,45000.0,42500.0,47500.0,42000.0,27500.0,2022-11-07
12200.0,47500.0,45000.0,43750.0,42500.0,45000.0,42000.0,27500.0,2022-11-08
12200.0,46900.0,45000.0,43750.0,42500.0,45000.0,42000.0,27500.0,2022-11-09
12200.0,46250.0,45000.0,42500.0,40000.0,45000.0,42000.0,27500.0,2022-11-10
12200.0,45000.0,45000.0,40000.0,37500.0,42500.0,42000.0,27500.0,2022-11-11
12200.0,42500.0,40000.0,40000.0,37500.0,42500.0,39000.0,27500.0,2022-11-14
12200.0,42500.0,40000.0,40000.0,37500.0,42500.0,39000.0,27500.0,2022-11-15
12200.0,42500.0,40000.0,39400.0,37500.0,41250.0,39000.0,27500.0,2022-11-16
12200.0,42500.0,40000.0,39400.0,37500.0,41250.0,39000.0,27500.0,2022-11-17
12200.0,42500.0,40000.0,39400.0,37500.0,41250.0,39000.0,27500.0,2022-11-18
12200.0,42500.0,40000.0,41900.0,40000.0,43750.0,39000.0,27500.0,2022-11-21
12200.0,42500.0,40000.0,41250.0,40000.0,42500.0,39000.0,27500.0,2022-11-22
12200.0,42500.0,40000.0,41250.0,40000.0,42500.0,39000.0,27500.0,2022-11-23
12200.0,42500.0,40000.0,41250.0,40000.0,42500.0,36500.0,27500.0,2022-11-24
12250.0,42500.0,40000.0,41250.0,40000.0,42500.0,36500.0,27500.0,2022-11-25
12300.0,42500.0,40000.0,41250.0,40000.0,42500.0,36500.0,27500.0,2022-11-28
12300.0,42500.0,40000.0,41250.0,40000.0,42500.0,36500.0,27500.0,2022-11-29
12300.0,43750.0,42500.0,41250.0,40000.0,42500.0,36000.0,27500.0,2022-11-30
12300.0,43750.0,42500.0,41250.0,40000.0,42500.0,36000.0,27500.0,2022-12-01
12300.0,43750.0,42500.0,40000.0,40000.0,40000.0,36000.0,27500.0,2022-12-02
12300.0,43750.0,42500.0,41250.0,40000.0,42500.0,36000.0,27500.0,2022-12-05
12300.0,45000.0,45000.0,41250.0,40000.0,42500.0,36000.0,27500.0,2022-12-06
12300.0,45000.0,45000.0,41250.0,40000.0,42500.0,36000.0,27500.0,2022-12-07
12350.0,43750.0,42500.0,41250.0,40000.0,42500.0,36500.0,27500.0,2022-12-08
12350.0,43750.0,42500.0,41250.0,40000.0,42500.0,36500.0,27500.0,2022-12-09
12350.0,45000.0,42500.0,50000.0,50000.0,50000.0,36500.0,27500.0,2022-12-12
12350.0,45000.0,42500.0,51250.0,52500.0,50000.0,36500.0,27500.0,2022-12-13
12350.0,47500.0,47500.0,55000.0,55000.0,55000.0,36500.0,27500.0,2022-12-14
12350.0,47500.0,47500.0,55000.0,55000.0,55000.0,36500.0,27500.0,2022-12-15
12350.0,47500.0,47500.0,55000.0,55000.0,55000.0,36500.0,27500.0,2022-12-16
12350.0,47500.0,47500.0,57500.0,57500.0,57500.0,36500.0,27500.0,2022-12-19
12350.0,47500.0,47500.0,62500.0,62500.0,62500.0,36500.0,27500.0,2022-12-20
12450.0,47500.0,47500.0,62500.0,62500.0,62500.0,36500.0,27500.0,2022-12-21
12450.0,46250.0,45000.0,62500.0,62500.0,62500.0,36500.0,27500.0,2022-12-22
12500.0,47500.0,47500.0,62500.0,62500.0,62500.0,36500.0,27500.0,2022-12-23
12500.0,47500.0,47500.0,62500.0,62500.0,62500.0,36500.0,27500.0,2022-12-26
12500.0,47500.0,47500.0,62500.0,62500.0,62500.0,36500.0,27500.0,2022-12-27
12500.0,47500.0,47500.0,62500.0,62500.0,62500.0,36500.0,27500.0,2022-12-28
12500.0,47500.0,47500.0,62500.0,62500.0,62500.0,36500.0,27500.0,2022-12-29
12500.0,47500.0,47500.0,62500.0,62500.0,62500.0,36500.0,27500.0,2022-12-30
12500.0,47500.0,47500.0,68750.0,65000.0,72500.0,37500.0,27500.0,2023-01-02
12500.0,47500.0,47500.0,72500.0,70000.0,75000.0,37500.0,27500.0,2023-01-03
12500.0,48750.0,50000.0,76250.0,75000.0,77500.0,37500.0,27500.0,2023-01-04
12500.0,50000.0,50000.0,76250.0,75000.0,77500.0,37000.0,27500.0,2023-01-05
12500.0,50000.0,50000.0,75000.0,75000.0,75000.0,37000.0,27500.0,2023-01-06
12500.0,50000.0,50000.0,76250.0,75000.0,77500.0,37000.0,27500.0,2023-01-09
12500.0,52500.0,52500.0,77500.0,75000.0,80000.0,37000.0,27500.0,2023-01-10
12500.0,52500.0,52500.0,75000.0,72500.0,77500.0,37000.0,27500.0,2023-01-11
12500.0,52500.0,52500.0,68750.0,62500.0,75000.0,37000.0,27500.0,2023-01-12
12500.0,52500.0,52500.0,68750.0,62500.0,75000.0,37000.0,27500.0,2023-01-13
12550.0,52500.0,52500.0,71250.0,67500.0,75000.0,40500.0,27500.0,2023-01-16
12550.0,52500.0,52500.0,71250.0,67500.0,75000.0,40500.0,27500.0,2023-01-17
12550.0,52500.0,52500.0,67500.0,62500.0,72500.0,41500.0,27500.0,2023-01-18
12550.0,52500.0,52500.0,67500.0,62500.0,72500.0,47500.0,27500.0,2023-01-19
12550.0,52500.0,52500.0,68750.0,62500.0,75000.0,47500.0,27500.0,2023-01-20
12550.0,52500.0,52500.0,68750.0,62500.0,75000.0,47500.0,27500.0,2023-01-23
12550.0,52500.0,52500.0,68750.0,62500.0,75000.0,47500.0,27500.0,2023-01-24
12650.0,52500.0,52500.0,65000.0,60000.0,70000.0,47500.0,27500.0,2023-01-25
12700.0,52500.0,52500.0,65000.0,60000.0,70000.0,47500.0,27500.0,2023-01-26
12700.0,52500.0,52500.0,66250.0,60000.0,72500.0,47500.0,27500.0,2023-01-27
12700.0,52500.0,52500.0,67500.0,62500.0,72500.0,46500.0,27500.0,2023-01-30
12700.0,52500.0,52500.0,67500.0,62500.0,72500.0,49500.0,28500.0,2023-01-31
12700.0,53750.0,55000.0,67500.0,62500.0,72500.0,49500.0,28500.0,2023-02-01
12700.0,53750.0,55000.0,67500.0,62500.0,72500.0,49500.0,28500.0,2023-02-02
12800.0,53750.0,55000.0,67500.0,62500.0,72500.0,49500.0,28500.0,2023-02-03
12950.0,53750.0,55000.0,67500.0,62500.0,72500.0,49500.0,28500.0,2023-02-06
12950.0,53750.0,55000.0,67500.0,62500.0,72500.0,49500.0,28500.0,2023-02-07
12950.0,53750.0,55000.0,67500.0,62500.0,72500.0,49500.0,28500.0,2023-02-08
13050.0,53750.0,55000.0,66250.0,60000.0,72500.0,50000.0,28000.0,2023-02-09
13050.0,53750.0,55000.0,66250.0,60000.0,72500.0,50000.0,28000.0,2023-02-10
13200.0,52500.0,52500.0,64400.0,60000.0,68750.0,44500.0,28000.0,2023-02-13
13200.0,51250.0,52500.0,64400.0,60000.0,68750.0,44500.0,28000.0,2023-02-14
13400.0,51250.0,52500.0,64400.0,60000.0,68750.0,44500.0,28000.0,2023-02-15
13400.0,51250.0,52500.0,65650.0,60000.0,71250.0,44500.0,28000.0,2023-02-16
13400.0,52500.0,55000.0,68750.0,62500.0,75000.0,43250.0,28000.0,2023-02-17
13400.0,53750.0,57500.0,68750.0,62500.0,75000.0,41750.0,28000.0,2023-02-20
13400.0,53750.0,57500.0,68750.0,62500.0,75000.0,41750.0,28000.0,2023-02-21
13400.0,55000.0,57500.0,68750.0,62500.0,75000.0,41750.0,28000.0,2023-02-22
13400.0,57500.0,60000.0,71250.0,67500.0,75000.0,40500.0,28000.0,2023-02-23
13400.0,57500.0,60000.0,70000.0,67500.0,72500.0,40000.0,28000.0,2023-02-24
13300.0,57500.0,60000.0,70000.0,67500.0,72500.0,40000.0,28000.0,2023-02-27
13300.0,56250.0,57500.0,70000.0,67500.0,72500.0,40000.0,28000.0,2023-02-28
13300.0,56250.0,57500.0,67500.0,65000.0,70000.0,40000.0,29250.0,2023-03-01
13300.0,56250.0,57500.0,65000.0,60000.0,70000.0,40000.0,29250.0,2023-03-02
13300.0,56250.0,57500.0,63750.0,57500.0,70000.0,40000.0,30250.0,2023-03-03
13300.0,56250.0,57500.0,63750.0,57500.0,70000.0,40000.0,30250.0,2023-03-06
13300.0,56250.0,57500.0,63750.0,57500.0,70000.0,40000.0,30250.0,2023-03-07
13300.0,56250.0,57500.0,63750.0,57500.0,70000.0,40000.0,31750.0,2023-03-08
13300.0,56250.0,57500.0,63750.0,57500.0,70000.0,40000.0,31750.0,2023-03-09
13300.0,56250.0,57500.0,65000.0,57500.0,72500.0,40000.0,33250.0,2023-03-10
13300.0,55000.0,55000.0,65000.0,57500.0,72500.0,40000.0,33250.0,2023-03-13
13300.0,55000.0,55000.0,65000.0,57500.0,72500.0,40000.0,33250.0,2023-03-14
13300.0,55000.0,55000.0,65000.0,57500.0,72500.0,40000.0,33250.0,2023-03-15
13350.0,55000.0,55000.0,65000.0,57500.0,72500.0,40000.0,33250.0,2023-03-16
13350.0,55000.0,55000.0,65000.0,57500.0,72500.0,40000.0,32250.0,2023-03-17
13350.0,55000.0,55000.0,67500.0,57500.0,77500.0,40000.0,32250.0,2023-03-20
13500.0,55000.0,55000.0,73750.0,60000.0,87500.0,40000.0,32250.0,2023-03-21
13500.0,55000.0,55000.0,73750.0,60000.0,87500.0,40000.0,32250.0,2023-03-22
13500.0,55000.0,55000.0,73750.0,60000.0,87500.0,40000.0,32250.0,2023-03-23
13500.0,55000.0,55000.0,75000.0,62500.0,87500.0,40000.0,32750.0,2023-03-24
13500.0,55000.0,55000.0,73750.0,62500.0,85000.0,40000.0,32750.0,2023-03-27
13500.0,53750.0,52500.0,68750.0,57500.0,80000.0,40000.0,33500.0,2023-03-28
13500.0,51250.0,50000.0,67500.0,55000.0,80000.0,40000.0,33500.0,2023-03-29
13500.0,51250.0,50000.0,65000.0,52500.0,77500.0,40000.0,33500.0,2023-03-30
13500.0,51250.0,50000.0,65000.0,52500.0,77500.0,40000.0,31000.0,2023-03-31
13500.0,48750.0,45000.0,65000.0,52500.0,77500.0,37500.0,31000.0,2023-04-03
13500.0,47500.0,42500.0,61250.0,50000.0,72500.0,37500.0,31000.0,2023-04-04
13500.0,47500.0,42500.0,56250.0,50000.0,62500.0,37500.0,31000.0,2023-04-05
13500.0,47500.0,42500.0,52500.0,50000.0,55000.0,37500.0,31000.0,2023-04-06
13500.0,47500.0,42500.0,52500.0,50000.0,55000.0,37500.0,31000.0,2023-04-07
13500.0,47500.0,42500.0,51250.0,47500.0,55000.0,37500.0,31000.0,2023-04-10
13500.0,47500.0,42500.0,51250.0,47500.0,55000.0,37500.0,31000.0,2023-04-11
13500.0,47500.0,42500.0,51250.0,47500.0,55000.0,37500.0,31000.0,2023-04-12
13500.0,47500.0,42500.0,51250.0,47500.0,55000.0,37500.0,31000.0,2023-04-13
13500.0,48750.0,45000.0,51250.0,47500.0,55000.0,37500.0,31000.0,2023-04-14
13500.0,62500.0,55000.0,55000.0,52500.0,57500.0,40000.0,31000.0,2023-04-17
13500.0,80000.0,75000.0,63750.0,60000.0,67500.0,41250.0,31500.0,2023-04-18
13500.0,80000.0,75000.0,63750.0,60000.0,67500.0,41250.0,31500.0,2023-04-19
13500.0,80000.0,75000.0,63750.0,60000.0,67500.0,41250.0,31500.0,2023-04-20
13500.0,80000.0,75000.0,63750.0,60000.0,67500.0,41250.0,31500.0,2023-04-21
13500.0,80000.0,75000.0,63750.0,60000.0,67500.0,41250.0,31500.0,2023-04-24
13500.0,80000.0,75000.0,63750.0,60000.0,67500.0,41250.0,31500.0,2023-04-25
13500.0,70000.0,65000.0,57500.0,55000.0,60000.0,40000.0,31500.0,2023-04-26
13500.0,57500.0,55000.0,47500.0,45000.0,50000.0,40000.0,39000.0,2023-04-27
13500.0,48750.0,47500.0,42500.0,40000.0,45000.0,40000.0,39000.0,2023-04-28
13500.0,48750.0,47500.0,42500.0,40000.0,45000.0,40000.0,39000.0,2023-05-01
13500.0,48750.0,47500.0,42500.0,40000.0,45000.0,40000.0,39000.0,2023-05-02
13500.0,46250.0,45000.0,41250.0,40000.0,42500.0,40000.0,39000.0,2023-05-03
13500.0,46250.0,45000.0,41250.0,40000.0,42500.0,40000.0,39000.0,2023-05-04
13500.0,42500.0,40000.0,41250.0,40000.0,42500.0,40000.0,42000.0,2023-05-05
13500.0,43750.0,40000.0,42500.0,42500.0,42500.0,40750.0,39000.0,2023-05-08
13500.0,43750.0,40000.0,42500.0,42500.0,42500.0,40750.0,39000.0,2023-05-09
13500.0,43750.0,40000.0,42500.0,42500.0,42500.0,44000.0,39000.0,2023-05-10
13500.0,43750.0,40000.0,42500.0,42500.0,42500.0,44000.0,39000.0,2023-05-11
13500.0,47500.0,40000.0,42500.0,42500.0,42500.0,44500.0,40000.0,2023-05-12
13500.0,52500.0,40000.0,42500.0,42500.0,42500.0,44000.0,40000.0,2023-05-15
13500.0,52500.0,40000.0,42500.0,42500.0,42500.0,41500.0,40000.0,2023-05-16
13500.0,57500.0,40000.0,43750.0,45000.0,42500.0,42000.0,40000.0,2023-05-17
13500.0,57500.0,40000.0,43750.0,45000.0,42500.0,42000.0,40000.0,2023-05-18
13500.0,57500.0,40000.0,46250.0,47500.0,45000.0,42000.0,40000.0,2023-05-19
13500.0,62500.0,45000.0,48750.0,47500.0,50000.0,44500.0,40000.0,2023-05-22
13500.0,61250.0,47500.0,52500.0,47500.0,57500.0,44500.0,40000.0,2023-05-23
13500.0,61250.0,47500.0,52500.0,47500.0,57500.0,44500.0,40000.0,2023-05-24
13500.0,61250.0,47500.0,52500.0,47500.0,57500.0,44500.0,40000.0,2023-05-25
13500.0,61250.0,47500.0,52500.0,47500.0,57500.0,44500.0,40000.0,2023-05-26
13500.0,58750.0,42500.0,53750.0,50000.0,57500.0,44500.0,40000.0,2023-05-29
13500.0,58750.0,42500.0,53750.0,50000.0,57500.0,44500.0,40000.0,2023-05-30
13500.0,58750.0,42500.0,53750.0,50000.0,57500.0,44500.0,40000.0,2023-05-31
13500.0,58750.0,42500.0,53750.0,50000.0,57500.0,44500.0,40000.0,2023-06-01
13500.0,58750.0,42500.0,53750.0,50000.0,57500.0,44500.0,40000.0,2023-06-02
13500.0,48750.0,42500.0,48750.0,47500.0,50000.0,44000.0,40000.0,2023-06-05
13500.0,48750.0,42500.0,48750.0,47500.0,50000.0,44000.0,40000.0,2023-06-06
13500.0,48750.0,42500.0,48750.0,47500.0,50000.0,44000.0,40000.0,2023-06-07
13500.0,48750.0,42500.0,48750.0,47500.0,50000.0,44000.0,40000.0,2023-06-08
13500.0,48750.0,42500.0,48750.0,47500.0,50000.0,43250.0,40000.0,2023-06-09
13500.0,47500.0,40000.0,50000.0,47500.0,52500.0,42500.0,40000.0,2023-06-12
13500.0,47500.0,40000.0,51250.0,47500.0,55000.0,42500.0,40000.0,2023-06-13
13500.0,47500.0,40000.0,51250.0,47500.0,55000.0,42500.0,40000.0,2023-06-14
13500.0,46250.0,37500.0,51250.0,47500.0,55000.0,42500.0,40000.0,2023-06-15
13500.0,46250.0,37500.0,51250.0,47500.0,55000.0,42500.0,40000.0,2023-06-16
13500.0,46250.0,37500.0,51250.0,47500.0,55000.0,42500.0,40000.0,2023-06-19
13500.0,45000.0,35000.0,51250.0,47500.0,55000.0,42500.0,40000.0,2023-06-20
13500.0,45000.0,35000.0,51250.0,47500.0,55000.0,42500.0,40000.0,2023-06-21
13500.0,45000.0,35000.0,51250.0,47500.0,55000.0,42500.0,40000.0,2023-06-22
13500.0,46250.0,35000.0,51250.0,47500.0,55000.0,42500.0,40000.0,2023-06-23
13500.0,50000.0,35000.0,51250.0,47500.0,55000.0,42500.0,40000.0,2023-06-26
13500.0,53750.0,35000.0,51250.0,47500.0,55000.0,42500.0,40000.0,2023-06-27
13500.0,53750.0,35000.0,51250.0,47500.0,55000.0,42500.0,40000.0,2023-06-28
13500.0,53750.0,35000.0,51250.0,47500.0,55000.0,42500.0,40000.0,2023-06-29
13500.0,53750.0,35000.0,51250.0,47500.0,55000.0,42500.0,40000.0,2023-06-30
13500.0,63750.0,52500.0,46250.0,45000.0,47500.0,42250.0,40000.0,2023-07-03
13500.0,63750.0,52500.0,46250.0,45000.0,47500.0,42250.0,40000.0,2023-07-04
13500.0,65000.0,55000.0,45000.0,45000.0,45000.0,39250.0,40000.0,2023-07-05
13500.0,61250.0,52500.0,43750.0,42500.0,45000.0,39250.0,41250.0,2023-07-06
13500.0,60000.0,52500.0,43750.0,42500.0,45000.0,39250.0,41250.0,2023-07-07
13500.0,56250.0,45000.0,43750.0,42500.0,45000.0,38750.0,42250.0,2023-07-10
13500.0,55000.0,45000.0,43750.0,42500.0,45000.0,36250.0,42250.0,2023-07-11
13500.0,55000.0,45000.0,43750.0,42500.0,45000.0,36250.0,42250.0,2023-07-12
13500.0,55000.0,45000.0,43750.0,42500.0,45000.0,36250.0,42250.0,2023-07-13
13500.0,55000.0,45000.0,43750.0,42500.0,45000.0,36250.0,42250.0,2023-07-14
13500.0,51250.0,42500.0,43750.0,42500.0,45000.0,36250.0,42250.0,2023-07-17
13500.0,51250.0,42500.0,43750.0,42500.0,45000.0,36250.0,42250.0,2023-07-18
13500.0,51250.0,42500.0,43750.0,42500.0,45000.0,36250.0,42250.0,2023-07-19
13500.0,50000.0,42500.0,43750.0,42500.0,45000.0,36250.0,42250.0,2023-07-20
13500.0,48750.0,42500.0,40000.0,40000.0,40000.0,33750.0,42250.0,2023-07-21
13500.0,47500.0,42500.0,40000.0,40000.0,40000.0,33750.0,41750.0,2023-07-24
13500.0,47500.0,42500.0,40000.0,40000.0,40000.0,33750.0,41750.0,2023-07-25
13050.0,46250.0,42500.0,40000.0,40000.0,40000.0,33750.0,41750.0,2023-07-26
13050.0,46250.0,42500.0,40000.0,40000.0,40000.0,33750.0,41750.0,2023-07-27
12900.0,45000.0,40000.0,41250.0,40000.0,42500.0,32500.0,41750.0,2023-07-28
12900.0,44400.0,38750.0,41250.0,40000.0,42500.0,32250.0,41750.0,2023-07-31
12900.0,44400.0,38750.0,41250.0,40000.0,42500.0,32250.0,41750.0,2023-08-01
12900.0,44400.0,38750.0,41250.0,40000.0,42500.0,32250.0,41750.0,2023-08-02
12900.0,44400.0,38750.0,41250.0,40000.0,42500.0,32250.0,41750.0,2023-08-03
12900.0,44400.0,38750.0,41250.0,40000.0,42500.0,32250.0,41750.0,2023-08-04
12900.0,44400.0,38750.0,42500.0,40000.0,45000.0,32250.0,41750.0,2023-08-07
12900.0,44400.0,38750.0,42500.0,40000.0,45000.0,32250.0,41750.0,2023-08-08
12900.0,45650.0,41250.0,42500.0,40000.0,45000.0,32250.0,41750.0,2023-08-09
12900.0,48150.0,43750.0,46250.0,40000.0,52500.0,31750.0,40500.0,2023-08-10
12900.0,48750.0,45000.0,47500.0,40000.0,55000.0,31750.0,40500.0,2023-08-11
12900.0,51250.0,47500.0,47500.0,40000.0,55000.0,31750.0,40500.0,2023-08-14
12900.0,51250.0,47500.0,47500.0,40000.0,55000.0,31750.0,40500.0,2023-08-15
12900.0,51250.0,47500.0,47500.0,40000.0,55000.0,29250.0,40500.0,2023-08-16
12900.0,51250.0,47500.0,47500.0,40000.0,55000.0,29250.0,40500.0,2023-08-17
12900.0,51250.0,47500.0,47500.0,40000.0,55000.0,29250.0,40500.0,2023-08-18
13000.0,56900.0,53750.0,50000.0,42500.0,57500.0,29250.0,40500.0,2023-08-21
13000.0,56900.0,53750.0,50000.0,42500.0,57500.0,29250.0,40500.0,2023-08-22
13000.0,56900.0,53750.0,50000.0,42500.0,57500.0,29250.0,40500.0,2023-08-23
13000.0,56900.0,53750.0,48750.0,40000.0,57500.0,28500.0,40500.0,2023-08-24
13000.0,58150.0,56250.0,48750.0,40000.0,57500.0,28500.0,40500.0,2023-08-25
13000.0,59400.0,58750.0,47500.0,40000.0,55000.0,28500.0,40500.0,2023-08-28
13100.0,59400.0,58750.0,47500.0,40000.0,55000.0,28500.0,40500.0,2023-08-29
13100.0,59400.0,58750.0,47500.0,40000.0,55000.0,28500.0,40500.0,2023-08-30
13100.0,59400.0,58750.0,47500.0,40000.0,55000.0,28500.0,40500.0,2023-08-31
13250.0,59400.0,58750.0,47500.0,40000.0,55000.0,28500.0,40500.0,2023-09-01
13900.0,59400.0,58750.0,50000.0,45000.0,55000.0,28500.0,40500.0,2023-09-04
13900.0,58150.0,58750.0,50000.0,45000.0,55000.0,28500.0,40500.0,2023-09-05
13900.0,56900.0,58750.0,46250.0,45000.0,47500.0,28000.0,40500.0,2023-09-06
13900.0,56900.0,58750.0,46250.0,45000.0,47500.0,28000.0,40500.0,2023-09-07
13900.0,54400.0,53750.0,46250.0,45000.0,47500.0,28000.0,40500.0,2023-09-08
13950.0,53150.0,51250.0,48750.0,45000.0,52500.0,28000.0,40500.0,2023-09-11
13950.0,53150.0,51250.0,48750.0,45000.0,52500.0,28000.0,38000.0,2023-09-12
13950.0,51900.0,51250.0,48750.0,45000.0,52500.0,27500.0,38000.0,2023-09-13
13950.0,50650.0,51250.0,48750.0,45000.0,52500.0,27500.0,38000.0,2023-09-14
13950.0,50650.0,51250.0,51250.0,47500.0,55000.0,27500.0,38000.0,2023-09-15
14000.0,53150.0,53750.0,51250.0,47500.0,55000.0,27500.0,38000.0,2023-09-18
14100.0,55650.0,56250.0,51250.0,47500.0,55000.0,27500.0,38000.0,2023-09-19
14100.0,55650.0,56250.0,51250.0,47500.0,55000.0,27500.0,38000.0,2023-09-20
14100.0,55650.0,56250.0,51250.0,47500.0,55000.0,27500.0,38000.0,2023-09-21
14100.0,55650.0,56250.0,51250.0,47500.0,55000.0,27500.0,38000.0,2023-09-22
14100.0,54400.0,53750.0,50000.0,47500.0,52500.0,27500.0,38000.0,2023-09-25
14100.0,54400.0,53750.0,52500.0,47500.0,57500.0,27500.0,38000.0,2023-09-26
14250.0,57500.0,60000.0,51250.0,47500.0,55000.0,27500.0,37500.0,2023-09-27
14250.0,57500.0,60000.0,51250.0,47500.0,55000.0,27500.0,37500.0,2023-09-28
14250.0,57500.0,60000.0,51250.0,47500.0,55000.0,27500.0,37500.0,2023-09-29
14250.0,60000.0,60000.0,53750.0,50000.0,57500.0,27500.0,37500.0,2023-10-02
14250.0,60000.0,60000.0,53750.0,50000.0,57500.0,27500.0,37500.0,2023-10-03
14250.0,60000.0,60000.0,55000.0,52500.0,57500.0,27500.0,37500.0,2023-10-04
14250.0,60000.0,60000.0,55000.0,52500.0,57500.0,27500.0,37500.0,2023-10-05
14250.0,60000.0,60000.0,55000.0,52500.0,57500.0,27500.0,37500.0,2023-10-06
14250.0,60000.0,60000.0,55000.0,52500.0,57500.0,27500.0,37500.0,2023-10-09
14250.0,60000.0,60000.0,55000.0,52500.0,57500.0,27500.0,37500.0,2023-10-10
14250.0,60000.0,60000.0,55000.0,52500.0,57500.0,27500.0,37500.0,2023-10-11
14250.0,58750.0,60000.0,55000.0,52500.0,57500.0,27500.0,37500.0,2023-10-12
14250.0,58750.0,60000.0,55000.0,52500.0,57500.0,27500.0,37500.0,2023-10-13
14250.0,58750.0,60000.0,55000.0,52500.0,57500.0,27500.0,37500.0,2023-10-16
14250.0,58750.0,60000.0,55000.0,52500.0,57500.0,26250.0,37500.0,2023-10-17
14250.0,56250.0,57500.0,55000.0,52500.0,57500.0,26250.0,37500.0,2023-10-18
14250.0,56250.0,57500.0,55000.0,52500.0,57500.0,26250.0,37500.0,2023-10-19
14250.0,57500.0,57500.0,55000.0,52500.0,57500.0,26250.0,37500.0,2023-10-20
14250.0,57500.0,57500.0,60000.0,55000.0,65000.0,26250.0,37500.0,2023-10-23
14250.0,58750.0,60000.0,60000.0,55000.0,65000.0,26250.0,37500.0,2023-10-24
14250.0,58750.0,60000.0,60000.0,55000.0,65000.0,26250.0,37500.0,2023-10-25
14250.0,58750.0,60000.0,66250.0,57500.0,75000.0,26250.0,37500.0,2023-10-26
14250.0,58750.0,60000.0,70000.0,62500.0,77500.0,26250.0,37500.0,2023-10-27
14250.0,66250.0,70000.0,72500.0,65000.0,80000.0,26250.0,37500.0,2023-10-30
14250.0,71250.0,77500.0,78750.0,70000.0,87500.0,26250.0,37500.0,2023-10-31
14250.0,73750.0,82500.0,85000.0,75000.0,95000.0,26250.0,37500.0,2023-11-01
14250.0,73750.0,82500.0,85000.0,75000.0,95000.0,26250.0,37500.0,2023-11-02
14250.0,75000.0,82500.0,85000.0,75000.0,95000.0,28750.0,37500.0,2023-11-03
14250.0,81250.0,87500.0,86250.0,77500.0,95000.0,30000.0,37500.0,2023-11-06
14250.0,81250.0,87500.0,86250.0,77500.0,95000.0,30000.0,37500.0,2023-11-07
14250.0,81250.0,87500.0,86250.0,77500.0,95000.0,30250.0,37500.0,2023-11-08
14250.0,81250.0,87500.0,86250.0,77500.0,95000.0,34000.0,37500.0,2023-11-09
14250.0,81250.0,87500.0,86250.0,77500.0,95000.0,34000.0,37500.0,2023-11-10
14250.0,82500.0,87500.0,86250.0,77500.0,95000.0,32750.0,37500.0,2023-11-13
14250.0,83150.0,87500.0,86250.0,77500.0,95000.0,32750.0,37500.0,2023-11-14
14250.0,84400.0,87500.0,86250.0,77500.0,95000.0,32750.0,37500.0,2023-11-15
14250.0,84400.0,87500.0,86250.0,77500.0,95000.0,32750.0,37500.0,2023-11-16
14250.0,84400.0,87500.0,87500.0,80000.0,95000.0,32750.0,37500.0,2023-11-17
14250.0,85000.0,87500.0,85000.0,75000.0,95000.0,32750.0,37500.0,2023-11-20
14250.0,85000.0,87500.0,87500.0,70000.0,105000.0,32750.0,37500.0,2023-11-21
14250.0,85000.0,87500.0,87500.0,70000.0,105000.0,32750.0,37500.0,2023-11-22
14250.0,85000.0,87500.0,87500.0,70000.0,105000.0,32750.0,37500.0,2023-11-23
14250.0,85000.0,87500.0,87500.0,70000.0,105000.0,32750.0,37500.0,2023-11-24
14250.0,85000.0,87500.0,87500.0,70000.0,105000.0,32750.0,37500.0,2023-11-27
14250.0,85000.0,87500.0,87500.0,70000.0,105000.0,32750.0,37500.0,2023-11-28
14250.0,92500.0,95000.0,88750.0,72500.0,105000.0,33500.0,37500.0,2023-11-29
14250.0,92500.0,95000.0,90000.0,72500.0,107500.0,33500.0,37500.0,2023-11-30
14250.0,96250.0,97500.0,90000.0,72500.0,107500.0,33500.0,37500.0,2023-12-01
14250.0,103750.0,97500.0,95000.0,75000.0,115000.0,33500.0,37500.0,2023-12-04
14250.0,103750.0,97500.0,93750.0,72500.0,115000.0,33500.0,37500.0,2023-12-05
14250.0,112500.0,115000.0,93750.0,72500.0,115000.0,33500.0,37500.0,2023-12-06
14250.0,112500.0,115000.0,92500.0,70000.0,115000.0,33500.0,37500.0,2023-12-07
14250.0,112500.0,115000.0,92500.0,70000.0,115000.0,33000.0,37500.0,2023-12-08
14250.0,112500.0,115000.0,90650.0,66250.0,115000.0,33000.0,37500.0,2023-12-11
14250.0,116250.0,115000.0,90650.0,66250.0,115000.0,33000.0,37500.0,2023-12-12
14250.0,113750.0,112500.0,90650.0,66250.0,115000.0,33000.0,37500.0,2023-12-13
14250.0,113750.0,112500.0,90650.0,66250.0,115000.0,33000.0,37500.0,2023-12-14
14250.0,112500.0,112500.0,90650.0,66250.0,115000.0,33000.0,37500.0,2023-12-15
14300.0,106250.0,105000.0,88150.0,66250.0,110000.0,35000.0,40000.0,2023-12-18
14300.0,103750.0,100000.0,86900.0,66250.0,107500.0,37500.0,40000.0,2023-12-19
14300.0,98750.0,92500.0,81900.0,63750.0,100000.0,38000.0,40000.0,2023-12-20
14300.0,97500.0,92500.0,79400.0,63750.0,95000.0,38000.0,40000.0,2023-12-21
14300.0,91250.0,85000.0,77500.0,60000.0,95000.0,39750.0,40000.0,2023-12-22
14300.0,91250.0,85000.0,77500.0,60000.0,95000.0,39750.0,40000.0,2023-12-25
14300.0,87500.0,82500.0,77500.0,60000.0,95000.0,39750.0,40000.0,2023-12-26
14300.0,87500.0,82500.0,77500.0,60000.0,95000.0,39750.0,40000.0,2023-12-27
14300.0,85000.0,77500.0,75000.0,57500.0,92500.0,40250.0,40000.0,2023-12-28
14300.0,85000.0,77500.0,75000.0,57500.0,92500.0,42750.0,40000.0,2023-12-29
14300.0,85000.0,77500.0,75000.0,57500.0,92500.0,42750.0,40000.0,2024-01-01
14300.0,95000.0,90000.0,76250.0,55000.0,97500.0,43250.0,40000.0,2024-01-02
14300.0,95000.0,90000.0,76250.0,55000.0,97500.0,43250.0,40000.0,2024-01-03
14300.0,95000.0,90000.0,76250.0,55000.0,97500.0,43250.0,40000.0,2024-01-04
14500.0,96250.0,92500.0,76250.0,55000.0,97500.0,43250.0,40000.0,2024-01-05
14500.0,90000.0,85000.0,76250.0,55000.0,97500.0,43250.0,40000.0,2024-01-08
14500.0,87500.0,80000.0,76250.0,55000.0,97500.0,43250.0,40000.0,2024-01-09
14500.0,86250.0,80000.0,72500.0,52500.0,92500.0,41250.0,40000.0,2024-01-10
14500.0,85000.0,80000.0,70000.0,50000.0,90000.0,41250.0,40000.0,2024-01-11
14500.0,83750.0,77500.0,70000.0,50000.0,90000.0,41250.0,40000.0,2024-01-12
14500.0,86250.0,80000.0,68750.0,50000.0,87500.0,41250.0,40000.0,2024-01-15
14500.0,87500.0,80000.0,67500.0,50000.0,85000.0,41250.0,40000.0,2024-01-16
14500.0,87500.0,80000.0,65000.0,50000.0,80000.0,41250.0,40000.0,2024-01-17
14500.0,87500.0,80000.0,65000.0,50000.0,80000.0,40000.0,40000.0,2024-01-18
14500.0,86250.0,77500.0,65000.0,50000.0,80000.0,40000.0,40000.0,2024-01-19
14650.0,86250.0,77500.0,65000.0,52500.0,77500.0,40000.0,40000.0,2024-01-22
14650.0,87500.0,80000.0,63750.0,52500.0,75000.0,40000.0,40000.0,2024-01-23
14650.0,87500.0,80000.0,62500.0,50000.0,75000.0,40000.0,40000.0,2024-01-24
14650.0,86250.0,77500.0,56900.0,47500.0,66250.0,37500.0,38750.0,2024-01-25
14650.0,86250.0,77500.0,51250.0,47500.0,55000.0,36250.0,38750.0,2024-01-26
14650.0,86250.0,77500.0,50000.0,47500.0,52500.0,36250.0,38750.0,2024-01-29
14650.0,86250.0,77500.0,51250.0,50000.0,52500.0,33250.0,38750.0,2024-01-30
14650.0,86250.0,77500.0,51250.0,50000.0,52500.0,33250.0,38750.0,2024-01-31
14650.0,86250.0,77500.0,52500.0,52500.0,52500.0,33250.0,38750.0,2024-02-01
14650.0,86250.0,77500.0,52500.0,52500.0,52500.0,33250.0,38750.0,2024-02-02
14950.0,88750.0,80000.0,53750.0,52500.0,55000.0,33250.0,38750.0,2024-02-05
14950.0,91250.0,85000.0,53750.0,52500.0,55000.0,33250.0,38750.0,2024-02-06
14950.0,96250.0,90000.0,53750.0,52500.0,55000.0,33250.0,38750.0,2024-02-07
14950.0,96250.0,90000.0,53750.0,52500.0,55000.0,33250.0,38750.0,2024-02-08
14950.0,96250.0,90000.0,53750.0,52500.0,55000.0,33250.0,38750.0,2024-02-09
15400.0,96250.0,90000.0,53750.0,52500.0,55000.0,32500.0,37500.0,2024-02-12
15500.0,97500.0,90000.0,56250.0,55000.0,57500.0,32500.0,37500.0,2024-02-13
15500.0,97500.0,90000.0,56250.0,55000.0,57500.0,32500.0,37500.0,2024-02-14
15500.0,98750.0,90000.0,62500.0,55000.0,70000.0,33250.0,37500.0,2024-02-15
15500.0,98750.0,90000.0,66250.0,55000.0,77500.0,33250.0,37500.0,2024-02-16
15600.0,98750.0,90000.0,68750.0,57500.0,80000.0,35750.0,37500.0,2024-02-19
15600.0,102500.0,90000.0,72500.0,60000.0,85000.0,35750.0,37500.0,2024-02-20
15600.0,102500.0,90000.0,73750.0,62500.0,85000.0,36250.0,37500.0,2024-02-21
15600.0,103750.0,92500.0,75000.0,62500.0,87500.0,36250.0,37500.0,2024-02-22
15600.0,103750.0,92500.0,75000.0,62500.0,87500.0,36250.0,37500.0,2024-02-23
15750.0,103750.0,92500.0,75000.0,62500.0,87500.0,36250.0,37500.0,2024-02-26
15850.0,103750.0,92500.0,75000.0,62500.0,87500.0,37000.0,37500.0,2024-02-27
15950.0,103750.0,92500.0,75000.0,62500.0,87500.0,37000.0,37500.0,2024-02-28
15950.0,101250.0,87500.0,75000.0,62500.0,87500.0,37000.0,37500.0,2024-02-29
15950.0,101250.0,87500.0,75000.0,62500.0,87500.0,37000.0,37500.0,2024-03-01
15950.0,101250.0,87500.0,75000.0,62500.0,87500.0,37000.0,37500.0,2024-03-04
15950.0,98750.0,87500.0,75000.0,62500.0,87500.0,37000.0,37500.0,2024-03-05
15950.0,98750.0,87500.0,76250.0,65000.0,87500.0,37000.0,37500.0,2024-03-06
15950.0,97500.0,85000.0,73750.0,65000.0,82500.0,37000.0,37500.0,2024-03-07
15950.0,98750.0,87500.0,73750.0,65000.0,82500.0,37000.0,37500.0,2024-03-08
15950.0,98750.0,87500.0,73750.0,65000.0,82500.0,37000.0,37500.0,2024-03-11
15950.0,98750.0,87500.0,73750.0,65000.0,82500.0,37000.0,37500.0,2024-03-12
15950.0,107500.0,102500.0,70000.0,60000.0,80000.0,37000.0,38750.0,2024-03-13
15950.0,107500.0,102500.0,68750.0,60000.0,77500.0,37000.0,38750.0,2024-03-14
16050.0,111250.0,105000.0,71250.0,65000.0,77500.0,37000.0,38750.0,2024-03-15
16050.0,93750.0,85000.0,70000.0,65000.0,75000.0,37000.0,38750.0,2024-03-18
16050.0,87500.0,80000.0,70000.0,65000.0,75000.0,37000.0,38750.0,2024-03-19
16050.0,81250.0,75000.0,67500.0,65000.0,70000.0,37000.0,41250.0,2024-03-20
16050.0,75000.0,67500.0,65000.0,65000.0,65000.0,37000.0,41250.0,2024-03-21
16050.0,73750.0,67500.0,63750.0,62500.0,65000.0,37000.0,41250.0,2024-03-22
16050.0,67500.0,62500.0,58750.0,57500.0,60000.0,37500.0,42250.0,2024-03-25
16050.0,67500.0,62500.0,58750.0,57500.0,60000.0,37500.0,42250.0,2024-03-26
16050.0,65000.0,60000.0,57500.0,57500.0,57500.0,37500.0,42250.0,2024-03-27
16050.0,65000.0,60000.0,57500.0,57500.0,57500.0,37500.0,42250.0,2024-03-28
16050.0,65000.0,60000.0,57500.0,57500.0,57500.0,37500.0,42250.0,2024-03-29
16050.0,67500.0,60000.0,60000.0,57500.0,62500.0,40500.0,42500.0,2024-04-01
16050.0,67500.0,60000.0,60000.0,57500.0,62500.0,43000.0,42500.0,2024-04-02
16050.0,68750.0,62500.0,65000.0,65000.0,65000.0,45000.0,42500.0,2024-04-03
16050.0,70000.0,62500.0,65000.0,65000.0,65000.0,45000.0,42500.0,2024-04-04
16050.0,75000.0,70000.0,66250.0,65000.0,67500.0,45000.0,42500.0,2024-04-05
16050.0,75000.0,70000.0,66250.0,65000.0,67500.0,45000.0,42500.0,2024-04-08
16050.0,75000.0,70000.0,66250.0,65000.0,67500.0,45000.0,42500.0,2024-04-09
16050.0,75000.0,70000.0,66250.0,65000.0,67500.0,45000.0,42500.0,2024-04-10
16050.0,75000.0,70000.0,66250.0,65000.0,67500.0,45000.0,42500.0,2024-04-11
16050.0,75000.0,70000.0,66250.0,65000.0,67500.0,45000.0,42500.0,2024-04-12
16050.0,75000.0,70000.0,66250.0,65000.0,67500.0,45000.0,42500.0,2024-04-15
15600.0,65000.0,60000.0,60000.0,60000.0,60000.0,61250.0,43750.0,2024-04-16
15600.0,65000.0,60000.0,60000.0,60000.0,60000.0,63750.0,46250.0,2024-04-17
15600.0,65000.0,60000.0,57500.0,55000.0,60000.0,63750.0,46250.0,2024-04-18
15600.0,65000.0,60000.0,57500.0,55000.0,60000.0,63750.0,46250.0,2024-04-19
15350.0,62500.0,55000.0,53750.0,55000.0,52500.0,63750.0,46250.0,2024-04-22
15350.0,61250.0,55000.0,51250.0,55000.0,47500.0,63750.0,46250.0,2024-04-23
15000.0,62500.0,57500.0,51250.0,55000.0,47500.0,63750.0,46250.0,2024-04-24
15000.0,62500.0,57500.0,51250.0,55000.0,47500.0,63750.0,46250.0,2024-04-25
15000.0,62500.0,55000.0,51250.0,55000.0,47500.0,63750.0,46250.0,2024-04-26
14850.0,61250.0,55000.0,50000.0,52500.0,47500.0,62500.0,46250.0,2024-04-29
14850.0,61250.0,55000.0,50000.0,52500.0,47500.0,62500.0,46250.0,2024-04-30
14850.0,61250.0,55000.0,50000.0,52500.0,47500.0,62500.0,46250.0,2024-05-01
14750.0,62500.0,57500.0,51250.0,52500.0,50000.0,61250.0,47500.0,2024-05-02
14750.0,65000.0,60000.0,51250.0,52500.0,50000.0,58750.0,47500.0,2024-05-03
14750.0,62500.0,60000.0,52500.0,55000.0,50000.0,57500.0,47000.0,2024-05-06
14750.0,62500.0,60000.0,54400.0,57500.0,51250.0,57500.0,47000.0,2024-05-07
14750.0,61250.0,60000.0,58750.0,62500.0,55000.0,57500.0,47000.0,2024-05-08
14750.0,61250.0,60000.0,58750.0,62500.0,55000.0,57500.0,47000.0,2024-05-09
14750.0,61250.0,60000.0,58750.0,62500.0,55000.0,57500.0,47000.0,2024-05-10
14750.0,57500.0,55000.0,56250.0,62500.0,50000.0,57500.0,47000.0,2024-05-13
14750.0,53750.0,52500.0,56250.0,62500.0,50000.0,57500.0,47000.0,2024-05-14
14750.0,53750.0,52500.0,56250.0,62500.0,50000.0,56250.0,47000.0,2024-05-15
14750.0,53750.0,52500.0,56250.0,62500.0,50000.0,56250.0,47000.0,2024-05-16
14750.0,53750.0,52500.0,56250.0,62500.0,50000.0,57500.0,47000.0,2024-05-17
14700.0,55000.0,52500.0,56250.0,62500.0,50000.0,57500.0,47000.0,2024-05-20
14700.0,55000.0,52500.0,56250.0,62500.0,50000.0,57500.0,47000.0,2024-05-21
14700.0,55000.0,52500.0,56250.0,62500.0,50000.0,57500.0,47000.0,2024-05-22
14700.0,55000.0,52500.0,56250.0,62500.0,50000.0,57500.0,47000.0,2024-05-23
14700.0,55000.0,52500.0,56250.0,62500.0,50000.0,57500.0,47000.0,2024-05-24
14700.0,56250.0,52500.0,56250.0,62500.0,50000.0,57500.0,47000.0,2024-05-27
14700.0,56250.0,52500.0,56250.0,62500.0,50000.0,57500.0,47000.0,2024-05-28
14700.0,56250.0,52500.0,56250.0,62500.0,50000.0,56250.0,47000.0,2024-05-29
